,Accessibility,Consulting,Events,Facilities,Fees,Food,Marketing,Office Expenses,Other,Payroll,Per Diem,Photo/Video,Reimbursement,Technology,Transportation,Legal Services
Bernie,2390.5,23266.489999999998,1023907.0300000001,184329.5,678541.7999999998,,1837572.42,182153.34,32148.16,639178.6699999998,188.5,82450.19,28384.080000000005,64080.27999999999,231813.68999999925,
Beto,1710.0,22000.0,7049.469999999999,48116.740000000005,361249.82,1038.47,1277742.0,101289.16,18715.25,87798.7,,19579.07,56188.95000000001,372662.0,2755.12,
Kamala,2695.0,335625.7,635443.74,52914.240000000005,389657.8500000001,1659.46,1062500.0,210243.33,83788.34,706727.7600000005,4153.0,20500.0,428327.55,128350.26000000001,392188.8999999996,
Klobuchar,450.0,53957.7,149638.27,32741.920000000002,167726.88999999998,,710663.99,201970.62000000002,27990.0,285479.79,,66356.22,13700.0,17000.0,194406.00999999995,13522.98
Pete,,46666.37,5897.51,11403.69,275076.3299999999,,16692.36,10117.129999999997,,101416.22,,15500.0,16425.0,29290.09,95416.63000000024,81659.72
Warren,4453.919999999999,239085.91,88379.18,68176.34,231331.7899999999,4302.100000000001,1419433.85,305199.70000000007,424949.36,1756824.3299999991,,,7375.98,279326.72,661731.4999999998,80000.0
