,Accessibility,Consulting,Events,Facilities,Fees,Food,Marketing,Office Expenses,Other,Payroll,Per Diem,Photo/Video,Reimbursement,Technology,Transportation,Legal Services
Bernie,1228.0,23266.489999999998,968640.0100000001,154329.5,703974.8499999999,,1814398.54,165511.55000000002,32148.16,640450.4800000003,188.5,48591.2,28569.080000000005,64080.28,256427.1399999993,
Beto,1710.0,22000.0,7049.469999999999,48116.740000000005,361249.81999999995,1038.47,1277742.0,101289.16,18715.25,87798.70000000004,,19579.07,56188.950000000004,372662.0,2755.12,
Kamala,2695.0,335625.7,664683.61,52914.240000000005,389657.8500000001,1386.81,1062500.0,210135.72999999998,83788.34,702789.0700000006,4153.0,20500.0,417891.95999999996,128350.26000000001,412891.11999999953,
Klobuchar,450.0,53957.7,149638.27,32741.920000000002,166009.71,,710413.99,204751.50000000003,27990.0,235105.23000000004,,66356.22,13700.0,17000.0,196631.2700000002,13522.98
Pete,,55832.740000000005,5897.51,11403.69,275076.3299999999,,16692.36,10122.47,,101416.22,,15500.0,16425.0,29290.09,94726.41000000025,81659.72
Warren,4701.919999999999,239085.91,81063.12999999999,58865.34,224971.8799999999,3956.9100000000003,1424833.85,304935.79000000004,425206.96,1795011.3500000003,,,7411.98,294966.11999999994,682953.2699999998,80000.0
