,Accessibility,Consulting,Events,Facilities,Fees,Food,Marketing,Office Expenses,Other,Payroll,Per Diem,Photo/Video,Reimbursement,Technology,Transportation,Legal Services
bernie,1228.0,23266.489999999998,968640.0100000001,154329.5,1188149.06,,1814398.54,165511.55000000002,32148.16,1251235.9199999992,188.5,48591.2,30773.730000000003,64080.28,257216.3299999993,
beto,1710.0,22000.0,7049.469999999999,48116.740000000005,368858.95999999996,1038.47,1277742.0,101289.16,18715.25,155653.7199999999,,19579.07,56188.950000000004,472662.0,4188.08,20559.5
kamala,2695.0,335625.7,664683.61,52914.240000000005,613695.0000000001,1386.81,1062500.0,210135.72999999998,83788.34,702789.0700000006,4153.0,20500.0,481341.59,128350.26000000001,412891.11999999953,
klobuchar,450.0,54661.11,151088.24,32741.920000000002,166009.71,,29866.0,212878.86000000002,799868.32,308709.31,,66356.22,13700.0,17000.0,212783.15000000017,13522.98
pete,,93332.74,6018.18,11986.19,275076.3299999999,,17670.45,10325.759999999998,15010.14,156095.19999999998,,15500.0,16425.0,31140.129999999997,94726.41000000025,81659.72
warren,4701.919999999999,239085.91,81063.12999999999,58865.34,224971.8799999999,3956.9100000000003,1369833.85,304935.79000000004,971545.1700000002,1799709.87,,,27600.550000000007,294966.11999999994,682953.2699999998,80000.0
